,precision,recall,f1-score,support
0,0.40476190476190477,0.2537313432835821,0.3119266055045872,67.0
1,0.6835443037974683,0.8120300751879699,0.7422680412371134,133.0
accuracy,0.625,0.625,0.625,0.625
macro avg,0.5441531042796866,0.532880709235776,0.5270973233708502,200.0
weighted avg,0.5901522001205545,0.625,0.5981036602667171,200.0
